4,original_shape_SurfaceArea,original_shape_Compactness2,original_shape_Maximum2DDiameterRow,logarithm_glrlm_GrayLevelNonUniformity,exponential_glszm_SmallAreaEmphasis,exponential_glszm_SmallAreaLowGrayLevelEmphasis,exponential_glszm_SmallAreaHighGrayLevelEmphasis,squareroot_glszm_LargeAreaHighGrayLevelEmphasis,squareroot_glrlm_LongRunLowGrayLevelEmphasis,wavelet-LHL_firstorder_Skewness,wavelet-HLL_glcm_Imc1,wavelet-LLH_firstorder_Skewness,wavelet-HHH_firstorder_Skewness,wavelet-HHH_glszm_SizeZoneNonUniformity,wavelet-HHL_glszm_GrayLevelNonUniformity,wavelet-HHL_glszm_SizeZoneNonUniformityNormalized
1234026,-0.6508335946137315,-0.23551959220860974,-0.9626070210545279,-0.4659713222607022,1.1862565078382805,1.1246827303374167,0.02885041396543689,-0.030495628169930403,-0.3845841439999839,0.05259628210241652,-0.33714717801664784,-1.1049088575008972,0.7216768452738451,-0.5519935099669311,-0.4620614251654708,-1.1463483812274575
1290264,-1.2218656297733568,1.797959511435225,-1.492761147408707,-0.46209208789069395,-0.9352751401083674,-0.814187363588737,-0.38191291549106726,-0.40860250155722866,0.5944326519571469,-0.42312300043524087,0.039277359166705515,1.2706270829035837,0.6235400179863576,-0.5193416030783792,-0.5100270745004912,-0.7005151446544787
1299628,0.1952574079992523,0.7363422437541526,0.2616496310420899,0.24344778151617893,0.2749268620282743,0.23841014560479212,-0.12214065224615164,-0.4518886150315287,-0.4405631659610475,1.0425892049266003,1.2208986690049197,-0.008617046216800294,-0.0913829723846526,0.14095251400444292,0.015002330380410822,0.21395673184766648
1313585,-0.615170117133412,0.03965254540295455,0.31168915806366726,-0.1623227551373502,-0.9202422341572096,-0.8004519524066785,-0.37900212997255167,-0.39469219280307105,-0.4373438877934992,0.20418761049871312,0.6918231740493479,-1.0805902508295333,0.025393486112393646,-0.3742220169063178,-0.5460013115015767,-1.3481322314125743
1319491,0.048102077629160245,1.4309754075949828,0.2096330349547234,0.1154420421286182,0.6846183559622033,0.5938964784958723,-0.021214551132117825,-0.435360459498639,-0.44029281904621004,0.5075056710034683,0.9192816587715641,-0.1641969392460485,0.29578003034316447,0.1198442105617466,-0.3911556826710676,0.06552997966091802
1319857,-0.12552491943509106,0.17542137058302762,0.14267033133716464,0.21621181172084472,0.6127526334703484,0.6005554745470147,-0.08218926794842477,-0.35657356864877354,-0.03245462569582071,-2.653439208588595,0.14072699869046135,0.5721814817255009,0.24431655655550974,-0.5367559534188894,-0.5716971950735751,-1.0448443153785378
1340213,0.013215474199937008,0.4825852225400876,0.08992616623617526,-0.8225227344343176,1.0150510182841694,-0.37081993291472276,2.9732925913132813,-0.3426676801272543,-0.3027376062156851,0.31792786717201765,-1.522421196607564,-0.1794139619591848,0.2313384895479957,-0.5138996185968269,-0.6539240225048333,0.4242934797153623
1345116,0.09967278985543727,-1.228460496029462,0.044545414214355754,-0.6076506340515115,0.3535387111457235,0.9233491255884387,-0.15477967787786986,-0.47861021864437364,-0.2687836865207356,0.348071247166312,-0.8104530328667109,1.5921548102950078,0.05514944976999212,-0.5138996185968269,-0.15028470448963605,-1.2723875429096296
1347742,-1.0043932379819516,1.791485312456413,-0.6475072455022468,-1.0214013849788164,-0.9757410531145463,-0.8511711231868836,-0.38974767851197295,-0.3996136823671549,-0.3309489401835975,0.4536902212144258,-0.951232561514236,1.2310127966683846,0.1635902108849601,-0.5519935099669311,-0.7498553211741549,0.4242934797153623
1361111,0.27005227968643825,1.26113868132229,-0.11610069606126641,0.04996151458811227,-0.9953824079625151,-0.8691219694515891,-0.3935505357350957,-0.01763648532125946,-0.28653537607700685,2.6007461430497734,0.5380382120086273,0.5202743076284256,0.8936204703059227,-0.532946564281879,-0.6128106087892041,-0.24349642714460928
1363165,-0.549400478823773,1.1516037663605658,-0.24559413559898768,-1.0502795569450345,-0.9953818502311034,-0.8691199306037549,-0.39355050873861613,-0.44769178622095057,-0.22523898786962812,0.4677694326786412,-2.8907449305161768,0.749744804075498,0.04712290287706321,-0.5519935099669311,-0.6299411978376829,0.4242934797153623
1404820,0.9716016415713589,0.2340821822039052,0.6464473191952641,2.0315966131307657,-0.259079523241647,-0.19621379485297943,-0.2509902272816752,2.245889497897337,-0.2903695335636195,0.3423748873809247,0.4590637599623114,-0.7026059965396542,-0.09769925088874695,-0.4640845298821631,-0.256091283904297,-1.4552231647171774
1412799,-0.15626614299314034,-1.3674344912958905,-1.0035301588699552,-1.2048704519772766,0.560478388641363,-0.6322449433209535,6.50818767987447,-0.42138250910447467,-0.4434498752119863,0.4265571641356557,-0.3648883937359552,-1.6262738005646409,1.184634282479165,0.2366529978572854,0.11813844852067742,-0.5752674925556549
1422362,0.7581858196071014,-0.8145636235941873,0.19913007230455357,1.0034975393870247,-0.9953822322066879,-0.8691213269570476,-0.39355052722779543,-0.10357168574874896,-0.14369264668734075,-0.035893701871199696,-0.3653357156016448,0.7964543994908168,0.23002150630831114,-0.48668969618944635,-0.3329231384950365,-1.1633869023990506
1474840,0.4292594183663822,-1.374192817494538,-0.4450299889641237,-1.0783087009995518,-0.9953823406231191,-0.8691217232851035,-0.3935505324755938,-0.4719900995270257,-0.4277646497095148,0.8704499604137965,0.28383420759831,0.34943464910701877,0.6443889789769132,-0.1675382370627878,0.4740423763651277,-1.1113453498060735
1475214,-0.5723564607820891,1.093649404341543,-0.059957790262788246,-0.5458649966109047,0.29770722864776517,0.3126347173829072,-0.14318720435722723,-0.3936870427556766,-0.4206028675706195,-0.644069906229646,-0.33363889542279895,-0.9084115089751967,0.037059965649735085,-0.4424735722778815,-0.31651048925354547,1.2258001764902358
1476232,-1.4825852047684966,2.0793416233053668,-2.173914503262633,-1.0435180986138837,-0.9953813228358864,-0.8691180026531802,-0.39355048321053243,-0.48009431860812035,-0.3365311535894296,-0.25897809714782777,-0.08140417286996837,0.4235012473759543,0.3112185107164673,-0.5012016548069191,-0.4980356621665562,0.8333147976724935
1482287,-1.439294423920254,2.2369389397734163,-1.851281343410188,-0.6826223805558299,-0.9953815162510335,-0.8691187097032858,-0.393550492572616,-0.40603152582754914,-0.2741802768107962,0.6405637101952806,0.9513947942030129,-0.8841784183053044,-0.36061160742191656,-0.5519935099669311,-0.6299411978376829,-0.6664300348271719
1487216,-0.03668838895420765,0.36075944174439273,0.10831889109945886,-0.2787121640895401,0.8519200512097912,0.8191310897938967,-0.035882545749619986,-0.2545960340773074,-0.4099540031421066,0.20429145847484043,-0.7108141929938856,0.0020791842483723717,-0.5488153911815326,-0.46564735619456793,-0.5922539019317494,2.360884209623021
1503424,-1.1574521157492212,1.0035425458955185,-1.0700274366207523,-1.3281898716562532,0.23400780307634403,-0.03151220127138222,0.16233764031204945,-0.4644292772568687,-0.4403174640398672,0.5346551174793354,0.497985974172913,0.017424641188845614,-0.7722510800644243,-0.02011653612184626,0.7028186301044514,-0.08698316772368983
1505342,-1.2900765079303984,-1.7523907708048563,-0.40397452066301326,-1.465149575001802,1.4290770876920547,-0.04296767392933732,1.9699476417533857,-0.489384184974496,-0.38370736879293044,-1.0186132862128425,-6.619083496287273,0.4254919102546505,-2.516565023283234,0.07259544160777139,0.7967921471699799,-1.3433055186498888
1506433,1.4199121241603445,0.04907202324530147,1.3346310276678803,1.22042866120773,0.29928715008895956,1.0509733772866634,-0.0836594163026314,-0.18486039741539975,-0.43604455127772523,0.673312901416635,0.5103844532556354,-0.4334711040991677,-0.010630240069172752,-0.4411749168902989,0.06556071751687709,1.0541863093675776
1516688,-1.6796679014806852,-0.2508452460407061,-1.6831184144132898,-1.1984304102175432,-0.9953772360228565,-0.8691030628636703,-0.3935502853920807,-0.48811638887152486,-0.33923770167990713,0.699396812695599,1.3726614220295752,0.06316601743126715,-0.13163923052487428,-0.40654410655387513,-0.48386399304489464,0.15386616206375825
1520407,0.46548187297034754,-1.2470113959872753,0.43354288866243684,-0.4453624201565219,0.13629055492925324,-0.2621281105907552,0.029217485909602697,-0.4833058308332732,-0.42405290084973873,0.3070597393514485,0.09473257163183418,-0.4860015636978765,-0.6872578876046757,-0.1797617714372869,-0.02852574848651541,0.44123519111677434
1530123,-1.0325832085473148,0.47168344024281045,-1.3118047806643633,-0.6680963650318671,1.0466314309488036,0.0001762768105984202,0.47701781025139717,-0.47547171913776065,-0.41224653271403555,-0.5266331999892552,1.0040620571276737,-0.07312259630335395,0.5356572064987146,1.0444470410142395,0.9480307761930427,1.0873134586806898
1571633,0.4923273038500034,-0.5799088471173883,0.5378592931728031,0.5422601774203497,-0.7465394705712366,-0.6417045400575571,-0.3453704395808408,-0.34329411372870233,-0.4040631418917599,-0.4682740310353645,-0.09281837484833647,-0.7406016123047052,0.19062116442016833,-0.3996179444865143,-0.3288235103467687,0.45122492451924506
1584572,-0.10753451632196424,0.6125203490544501,0.19583880032998646,-0.08573089939442885,1.4176469473826268,1.3361501110352263,0.07365143039795692,-0.4665628861365795,-0.3581837556183279,0.677268450469427,-0.1264946501869166,0.5135157655568384,2.8864322781673426,0.09965518495906624,-0.09965429685874508,-0.5250399496092406
1623338,2.241856491999713,-0.5594470682419933,1.5785634491139173,0.9290443052283838,0.9721490538746025,0.929008545877534,-0.012604240616033355,-0.4099246888747925,-0.4324731871099691,-0.9726105359355415,0.06472839443354293,-0.4788613496616375,0.08776071961769986,1.4706222764110617,0.575456424572926,0.42223162052534496
1635671,-0.2892511880755329,0.738138628642867,0.1106677027490985,-0.24806316508484147,-0.9953824820834779,-0.8691222404088297,-0.3935505393228532,-0.4621355966045719,-0.38339710964291934,0.20798808245631253,0.003646460159651447,-3.07760191596661,-0.66203375233633,-0.15581703971784733,-0.0924437744114345,0.49977607587849443
1639329,0.04420681449846953,0.24229911656620584,0.6393459204010196,1.0232326252979311,-0.668136828026698,-0.5700522055639436,-0.33019040574113045,-0.4585372658823282,-0.4118587070098944,0.2248751501302491,-0.8774677366364532,-0.6807015678723559,-0.5753254411402656,-0.25288591846840563,-0.15028470448963605,-0.6967279102303131
1649096,0.43256521127070346,-1.652162732476562,0.7463940591145946,-0.8445486774601828,2.9315674473895204,2.719725784298566,0.3667711643786917,-0.4945779751022064,-0.3668865221966779,-0.14923903333217392,-0.10975742336623033,-0.29740253948968565,-0.04182983166803842,-0.3429200596567158,0.08474697725318771,-1.3596454240643938
1658208,1.383826323471364,0.7359787636824827,1.5704274536780563,2.493292520762263,-0.9953826870326815,-0.8691229896229336,-0.39355054924323224,-0.3394819804093939,-0.42662273004835943,0.27998121697956596,0.5124449823533199,0.2832915155446497,-0.20636577135720013,-0.3753763772511319,-0.3767891596817893,-1.0030730948708002
1733323,-0.12159417665722072,-0.5530779644522101,0.8225947446179314,0.38425443543736054,-0.9953822670732932,-0.8691214544157154,-0.3935505289154816,0.12092305447491002,0.5400947278470658,0.5181070682156941,0.2804424558810285,-0.07653381806428695,-0.09054358081088242,-0.5312150237652292,-0.09889293734420039,-1.4900375866217905
1734265,0.051261737956645535,-0.29014050448530987,-0.03482256326081521,0.03561899349660009,-0.9953824766657043,-0.8691222206035691,-0.3935505390606108,-0.39846141519139855,-0.39772125466053,0.8412062158170949,0.6934544742785385,-0.9222942953329099,0.06502893709659868,-0.532946564281879,-0.4537195731076442,0.10264344517939124
1738377,0.7404312520704861,1.2002563535987354,0.9480847685313534,1.2210623510508885,-0.9953825160917237,-0.8691223647296707,-0.3935505409689913,4.122858291574243,-0.10482104680691072,0.55172601123152,0.7318537420126248,1.1137393225104288,0.1354555371838901,-0.5367559534188894,-0.542004174056692,-0.06047252674471413
1748605,0.4144775781779548,0.21438155140546006,0.6421503070946337,0.32823687160607407,-0.20246044185966333,-0.14446959902508275,-0.24002784196381427,0.21948943433930726,-0.037590111135160705,0.26458728085078337,0.36472047304108646,0.3778054790097347,0.008290640222244162,-0.5519935099669311,-0.45246829529875443,0.686067123209104
1749834,-0.23511663056375035,-0.1540007088649211,0.04462627934150523,-0.1150382871775915,1.4589613282629277,1.3739081567730935,0.08165053054453417,0.3765553794414824,-0.22374087652569744,-1.720751997392379,0.5139801255211084,2.2011991208373414,-0.20401362872564843,-0.4673404180334508,-0.5100270745004912,-1.620813110050662
1752507,-0.021746547055673204,1.3441005196256655,0.1615846523946975,-0.08192161073140239,-0.9953823022265853,-0.8691215829223976,-0.3935505306170446,-0.0815770540024181,0.028018931191686178,0.6680241984942397,0.901722890434362,-0.06722720850173243,-0.47108067320880087,-0.5367559534188894,-0.6128106087892041,0.9585254052111922
1763425,-0.6188362130013288,1.0349101805297676,-1.1539156116915814,-0.4405439827940479,-0.25907909722255246,-0.19621223748307898,-0.25099020666061006,-0.13949775144718998,0.4962829004903945,-1.7396007259412403,0.8367898845121745,0.5287593170191255,0.3162414717422767,-0.47580572722672265,-0.6299411978376829,-0.6664300348271719
1785582,0.3242140303418419,1.109018611475779,1.0575650164628962,-0.5187519624064642,-0.9933430246911568,-0.8672588239302521,-0.3931556433008737,-0.4188018622907723,-0.43910429761117964,0.44697777787500753,-0.8735731530463686,-0.9276447707595648,-0.16378240851334216,0.0038951270637605897,-0.027972298685945314,0.9069386349041882
1786828,-0.1351442398241702,1.1010754009960717,0.205723733923741,0.45303384595464374,-0.995382511604121,-0.869122348324751,-0.3935505407517729,0.7305349691930193,-0.24119193011762374,0.5348765434826005,0.10715262618244355,-0.3681026163668391,0.3539329046928748,-0.5138996185968269,-0.6827034121057017,-0.09925380726230536
1823737,3.874984823911213,0.894117350049486,3.382053897244283,3.056657978632391,-0.995382703568713,-0.8691230500721953,-0.3935505500436437,-0.2289016622493605,-0.43121364369063186,0.5762136021332442,-0.12037527837229632,0.7703309841106581,-0.24515696659439112,-0.09123882387283619,-0.42780024706923303,1.804392620566501
1852075,-0.8482258686557015,-1.1325152868379373,-1.0898023764108096,-0.9523649516957742,-0.9953812365737023,-0.8691176873123839,-0.39355047903509016,-0.4541648559323794,-0.424456675757918,0.4269196044737791,-0.02609381205040913,0.967982827589322,-0.4779767544465062,-0.5253277860078581,-0.10336178666526134,-1.6416894344048032
1862840,0.7292020721951695,1.0539558274364411,0.5044687085144496,-0.013359967906436142,0.24933949764025923,0.2615083527213627,-0.1492519772962091,-0.4146142769935673,-0.4280492299081986,0.048063679161600766,0.19075381478829867,0.46711492031656365,-0.06822915143314437,0.3682353952874257,-0.07454946870128501,0.7687324843154909
1866875,0.8172746876871929,-0.16776491359625065,0.8718903693591646,0.3968246032624797,-0.8139046915044083,-0.5599008566290797,-0.3514432827968014,-0.3592458684939957,-0.4235464801331131,0.24407624066135813,0.17938507705605528,2.397675953228403,-0.14274760453702232,0.23464534682572072,0.07168399190157136,0.5072457433836083
1875022,-0.29671340163092874,0.48816635915087675,0.006978570106013648,0.16626145205573853,-0.1063490466127892,-0.07999811274602023,-0.21028157812920176,-0.4224350347691026,-0.43317366284849657,0.4293789182000269,-0.0028576586535962434,0.32985778130934434,0.05714565133265632,-0.48596409825887743,-0.10290400209550563,-0.1090644792074929
1887594,0.23921111795268227,-1.188010669267624,-0.5505082241286302,0.27348659767533073,0.9797105533681709,0.9359192109687658,-0.011140220995553802,-0.17260269318855204,0.051059530231561484,-0.3659286742914656,0.5084510981416381,-0.15224571901024403,-0.1739688618030033,-0.4186648901715664,-0.44607287538737034,-0.06047252674471413
1899144,-1.1291015035500307,-1.4834858640938746,-3.0681442141943567,-1.4460653594360628,0.4836729860571343,-0.15323174294510497,0.22263092578504706,-0.49137345920977077,-0.42181225731387434,-2.519017071276214,-2.096955744179362,-0.14509362094378514,-0.8798619693699866,0.6180773973207682,0.33167151177246806,-0.14921135941530042
1900711,0.7146818682249497,-1.0642806740674802,0.8614025540196497,1.07474921513436,-0.9953825701125845,-0.8691225622088029,-0.3935505435838217,0.4271082354458042,-0.10491813555166105,0.5295635516195208,-0.014722279232526343,0.33742899528042897,-0.18496928501676024,-0.27263830658629384,-0.028285118139067002,0.06552997966091802
1914087,1.989511455024324,-1.2198327154060775,1.430506055137083,0.3877219024831239,-0.038188645441684876,0.005658702799156177,-0.20822213414622726,-0.4516364604029555,-0.3955036993268789,0.556399500675514,-0.14802612457966371,-0.2337028584672527,0.46148448336159625,-0.2109624824631773,-0.2973098470158429,0.28821077280120566
1916533,-1.0067111959900779,-0.22779809959904054,-0.9298621461767536,-0.9353671044680281,0.7328845156684664,0.7103446246037751,-0.058929790895986565,-0.4873954721840435,-0.35992745117385744,0.5232816450223327,-0.8399884306735582,-0.13339175227501213,-0.06725708922592892,-0.4875269245712822,-0.2781931027158778,0.060718974867850904
1917045,-0.21190424090620785,-0.6493243693936763,-0.01977839802765525,-0.8191373864199686,0.9705973298387743,0.9275920945498307,-0.012904768348200795,-0.3909758865044258,-0.23236786079712418,0.4168506490883826,-1.8874842474791609,1.8109854895727142,-0.02100525863347921,-0.48215470912186703,-0.5100270745004912,-1.757153549369706
1917576,-0.23687911858147429,-0.023648437434031274,0.6022455210212516,-0.16913901636232806,-0.9953825419561056,-0.8691224592797323,-0.39355054222093305,-0.48496881617583293,-0.4150135198978163,0.929374613187721,-0.6540711161509788,0.08244796242229371,0.41188866799036056,-0.3010219903520373,-0.42780024706923303,-0.3937491561890843
1946686,-0.16904309406858023,0.7212762234639964,-0.431971112319252,-0.5283400839162097,1.186256286835427,1.1246819224417546,0.02885040326771049,-0.4450180085276098,-0.41707184060394054,0.5730326573735841,0.09053153433356956,-0.7423228546441426,-0.01246227270766049,-0.5392955461770234,-0.542004174056692,-1.0300045396746833
1964559,0.6477471734914354,1.2483385655660424,1.2285054865070482,0.5472012734525603,1.1862561974717898,1.1246815957632599,0.02885039894243041,-0.05888793400358275,-0.420428339571069,-0.5797989343906896,-0.406734178477623,-0.31270027517460736,-0.15411359425608315,-0.49866206204878516,-0.5653720545021059,-0.23401302018453884
1972723,-0.6565567479592989,0.3530285350135205,-1.6294926459218106,-0.3265991109673462,-0.8764482192070087,-0.7604279268829194,-0.3705229234916488,-0.3799198411740176,1.050534766997863,-0.2093590526752747,-0.48338643089090155,-0.299829155689301,-0.5722107059898145,-0.49485267291177476,-0.5639884300021195,-0.3937491561890843
2041488,-0.4958053664667463,1.4341538555297528,-0.8153138408845343,-0.5203886219436273,2.305923555679945,0.0020649786350855704,6.071999725875256,-0.3364282516009371,-0.4327718351891335,-0.27584841740891175,-1.9656489606203116,-0.6876812824505931,0.5919868137601773,0.5898708838519425,1.4012997783394794,-0.37751201502475246
2041926,-0.7711493615347619,1.1494843172740319,-0.8138800749535843,-1.0058389623178652,0.33201299662471156,0.33464121783316153,-0.13209005506315868,-0.47822276957031673,-0.3903081746102575,0.6842430947855253,-0.13589429199980288,-0.1028162991151718,-1.0577408644828092,0.20988431743515304,-0.36099094978160556,1.434325713850394
2043090,-0.8266598041278356,0.4236014878858864,-0.5528362591028149,-0.4184397672039828,1.602132212705037,3.5234791610011644,0.0024505291019429297,-0.23549062412645735,-0.4082984349475816,0.4243429790801374,-0.6926367559986,0.11094608827482086,0.06996133960090574,-0.2833313287250433,-0.48386399304489464,0.47837894325353625
2064742,0.44795997990797987,-0.34100511304298825,0.43356309637802076,-0.8111832315180887,0.7134950318397361,0.6926240713217712,-0.06268388746775133,-0.48387478719982535,-0.4256223521461852,0.21053807741788258,0.035882430664859105,0.14607920670485466,-0.33025475668405424,0.4712373443045719,0.3847803837797139,-1.0931221112662903
2087925,0.735750164498414,-0.14820281719519118,0.576324975775171,0.9148200724558134,1.0000981335681516,0.9213211879633492,0.008647193998925126,-0.3395946738203336,-0.38618944953067114,0.38655154359895977,-0.05655875542166051,1.0824273697651001,-1.6175073412867882,-0.4062429690726856,-0.6009093574508293,-0.6452802713844881
2088610,1.73999943393761,0.3702392937421043,1.819305745564718,0.712467185721495,0.7191700426015107,0.4485848742831864,0.05721515569682233,-0.24583929214921987,-0.4144701572877344,0.4205392962752485,0.32180018451285297,0.17535791304131423,-2.739741138165639,1.0391348122182245,0.10622724630040015,1.280995975547973
2202690,0.25935237627361823,0.838369722852607,0.7225234013713399,1.9558000429818463,-0.995382595295533,-0.8691226542678101,-0.3935505448027793,2.1649003330263126,0.5309059244110703,0.5395486973990066,0.3244621849662647,0.613286911376253,0.06853041273795936,-0.5519935099669311,-0.6299411978376829,2.6057405088102463
2215907,-0.31168201922980676,-1.8187027721572093,0.028854656119282732,-1.1564911201025732,-0.9953807857997523,-0.8691160394591843,-0.39355045721578885,-0.5000193692241668,-0.34971313558807016,1.1979742347834605,-0.98423734645121,-0.14613422553023075,-3.7414799737341213,0.00879853020242501,0.12573580486676383,-1.3713439095183824
2220159,-0.6936443381666596,0.795723650618322,-1.3278671609409909,-0.06674002055875712,0.554308200937204,0.547143112477233,-0.09350507247264343,0.21022143165156887,-0.20367121362518828,-0.37639362067198406,-0.1843549792332161,0.5865999733206457,0.2134125869248717,-0.532946564281879,-0.3661301264961492,-0.24349642714460928
2252878,-1.259889171557601,1.0321942671736324,-1.7679539329550369,-1.2632231807825725,1.46751101229789,1.3817211468856478,0.08330592010751482,-0.4958319486069344,-0.40540552950041825,-0.17797715540300557,-0.48467358028285634,-0.18933145498849197,-1.268045091813816,-0.038728447297055824,0.3027242058946703,1.2322368238220334
2305736,-0.22164601014998914,1.5691780899452485,-0.09754660526555849,0.32500407663363307,1.9498298476881513,1.8225133491977366,0.17669073277190717,-0.35915102379019237,-0.4176809014525629,0.4173600887367502,0.24529177491211768,-1.3153725732213049,0.3082399612394585,-0.2680208652077993,-0.14000635105767104,-0.5319816669092156
2317910,-0.672710017344606,0.7120239813919166,-0.05995104461917306,-0.6015220767574685,0.8024535574698877,0.7605721511186432,-0.039095765844857605,-0.48514099469961186,-0.40170662147254144,0.7559828756033727,-0.13323026040649752,-0.5179483297466014,-1.3048794746383152,-0.22379998431697834,-0.23615868958923356,1.616030930574845
2328060,0.8434223871886489,-0.2954727356071354,0.8718919859042752,1.3404508697354143,0.8862808416285921,0.8505334315414723,-0.02922973188033571,0.7939295449772151,0.03568694247886126,-0.07084824017054352,0.277501928744583,0.6036415445747277,-0.005263398440557555,-0.38203614846948447,-0.39229320795174566,-1.3064413532804269
2367260,0.4877079465882339,-0.8888208919930246,0.7989473471620914,1.6956915095881973,-0.9953824938266431,-0.8691222833372473,-0.3935505398912704,2.9524483957661034,0.20075771169276052,0.4604096738941383,0.703665596860918,-0.40476254954528584,-0.02967875443339055,-0.5035103754957855,-0.495637379700057,-1.0809049703515679
2382604,-0.707526201387835,0.6240857810134844,0.09358797588631289,0.007466972668991017,-0.9953822757954052,-0.8691214863003441,-0.3935505293376675,0.0579348264598306,0.1307451186860902,0.5450490025097161,0.813977078586503,-0.9438848835189156,-0.09607371771376468,-0.523423091439353,-0.7258724965070044,-0.3937491561890843
2394582,0.2429354068739945,0.9712969443536954,-0.09742430250092156,2.78658969448316,-0.995382598321463,-0.8691226653294266,-0.39355054494924674,5.371388056379517,1.4454970728737149,0.4598620378987541,1.3132262388424973,-1.4554987961683357,0.025938434281987766,-0.47580572722672265,-0.39011295116329975,0.015272161768047438
2424282,-0.5250046580824773,-1.2490768271847583,-1.9357638099557044,-0.5343163527761073,-0.765600292780957,-0.7698904206496726,-0.29626084843360007,-0.20538329020166313,-0.22534209458119867,-0.9072927134872664,-0.4353853615997108,0.8749001545792006,-0.15598429034841416,-0.532946564281879,-0.279791957693544,-1.0809049703515679
2451112,0.40073672382161163,0.4434067598252536,0.7151470747195554,-0.23287751749670688,-0.9754251958400093,-0.8508837571808362,-0.38968645470457075,-0.4642110219689956,-0.43525097445032557,0.5502661020547902,0.4085702341102381,0.0030258569285418536,-0.4040238408286777,0.42174897354770907,-0.024374874985836712,1.4718888961090586
2471608,1.6550991653532992,-1.0190065109252686,0.15952352327827857,3.196691357970156,0.13823426298401276,0.1668919662720073,-0.17406377420575392,1.6201622590987252,0.20331530779936344,-0.19636096051081742,-0.1539419612312577,-0.24809747999534498,0.5581929395237362,-0.5265975823867346,-0.4380786004983202,0.151612601087091
2477547,0.06810867148771957,0.7638402011981003,0.1729860905285903,0.9905190142558034,-0.7635835170216781,-0.6572811115671616,-0.3486704466334849,1.3619404616889161,0.6170519431712583,-1.5319687710101721,0.03247642323806275,-0.880251567892469,0.10576671150742964,-0.5265975823867346,-0.5100270745004912,-0.3028555299796605
2483988,-0.8781086182696037,-0.023238430506727345,-1.340083977398461,0.09871324964747234,-0.9950873959106887,-0.8680435208108118,-0.3935362559461956,-0.25019498650314176,4.952701622243405,-0.8003377809231016,1.15308546218094,-2.0051311467189996,0.31492821798828174,-0.5344117139499013,-0.5819755485026623,-1.3140471215852676
2578314,-1.4602495489091545,-0.7045407711338181,-0.7820101944884729,-0.8207063326642727,-0.9953822636108405,-0.8691214417583425,-0.39355052874788476,-0.27899981944114705,2.521801434153759,-0.45063188644143926,0.8626635681883593,-0.9046760779472185,-0.466042200922284,-0.5392955461770234,-0.3277576070285644,1.8204195783388366
2588525,-0.30531039449722525,-1.563319673488679,-0.11236217742568719,1.3703772245207089,-0.24696218979337942,-0.03663558816541591,-0.22988828231992212,1.5446803190172846,0.5114540368774326,0.2781191026025921,0.7039893820312875,0.4763365320990777,-0.5340296103670853,-0.4800383818233586,-0.1902560789356065,-1.575366296941042
2592990,-0.9646891291631255,-1.5503887042707751,-1.4501162029060415,0.11951359450210135,-0.9953823209161002,-0.8691216512439524,-0.3935505315216935,0.3559739044345069,2.8654390266377843,0.42968441610996133,1.0359581799784163,0.7038587588034285,0.3108074441950794,-0.5062808403228061,-0.21264004862509073,-0.18651168842688629
2594215,-1.229644143953703,-1.3846901090450205,-1.2760498306223824,-0.14671475414197258,-0.9953789164751567,-0.869109205939819,-0.39355036673283933,1.0453638243988672,0.9529443423859544,-3.02964756169667,1.3229011915656228,1.393909790068706,0.21833851220102327,-0.48850369101663044,-0.542004174056692,-1.5147705461347594
2610058,-1.6148583038071582,-0.19456979851106143,-0.8275421417931286,-0.10637584237812106,-0.44059863568125235,-0.3621043462873524,-0.28613530325123265,-0.05133267438370808,4.831174216455549,0.22788956383165543,0.45362841145685734,0.32592341792430923,1.1727566236179328,-0.5367559534188894,-0.6539240225048333,-0.6664300348271719
2628972,-0.2193254842229911,0.49629407197590364,0.504428319609823,0.020448003992031494,0.6467331664045239,-0.04597171455688668,0.24737814645396256,-0.03726246810133055,-0.3886274432177247,0.09494853327244689,-0.5840102868078867,0.5977539869042079,-0.4994542600637273,-0.5265975823867346,-0.5899698233917124,-0.3028555299796605
2685459,-1.162907134919715,-0.10235942233253298,-0.08672456170755634,2.036424889669733,1.5867645582866232,3.7978236946525055,-0.015799192487308135,3.4111663923930617,4.176785926631485,0.7201526163393237,0.6913857212067751,-0.5520147916615613,0.09643217774772544,-0.47580572722672265,-0.5100270745004912,2.2567089841519237
2712262,0.8622551716894835,0.780511264841165,0.7012835209970919,1.5551916930633256,2.3179813418680717,1.9720484499886017,0.3370710893991362,-0.45378349068279566,-0.4270265091673443,-3.1153362038115633,0.14041289416804234,-0.005780908360407648,0.6176194593968096,0.40196337532846194,0.3195828808308114,-0.19034580190665737
2722506,0.7952673373170646,0.16734296424460338,1.3416594633259247,-0.18113232001705548,1.5680976630307115,1.4736472501812026,0.10278115352842725,-0.4802188244152436,-0.4398043952242154,0.2597468118805947,0.5758621495057881,-0.017701224432723213,-0.06606659207553284,6.428617791776238,6.341754754281702,1.0974986908965108
2809900,1.0330709016515245,-1.3937553141594323,0.1958034156294346,-1.0492477329808925,-0.9710420032191852,-0.8468777528414075,-0.38883780729228695,-0.48099127532552494,-0.44070549942689924,0.918293452187257,0.5554706251412497,1.247052267174845,0.5541191004361669,2.3528388610534656,1.9544479883181425,0.23581645640222348
2825428,-1.2457652911137413,-1.067565503701077,-0.50648041960257,-1.250095759401907,0.5630882203503711,1.883345541536155,0.05388404871808243,-0.47947968023957754,-0.42306326114000686,0.13228844321536182,0.45747963401743186,1.8963511244646942,0.46732493653211366,-0.06045942777019477,-0.42780024706923303,0.06813886272468658
2832556,1.342673721205544,-1.2382117829974313,0.7118594172075163,-0.7097708591744564,-0.9838779045282631,-0.8586086168677567,-0.3913230420067998,-0.4876013723983932,-0.43397740295531806,-0.3131223808568742,0.20336799856868354,0.8653245775276326,0.0734766921299069,1.1054794778086041,1.550910205596658,0.7961869149084339
2845748,-1.4816800538480943,-1.0107639227743368,-0.2912705827104863,0.1230064652893687,0.9797106233051867,0.9359194666182121,-0.011140217611171782,1.2041345043369591,0.3776545632204443,-0.2953888606326353,-0.9960600400047852,0.6303284298144178,0.3335276875899676,-0.5411095410042074,-0.6827034121057017,-0.8845747377337153
2847171,2.485387608274918,-0.8141887382738369,1.8537134810571307,-0.31770039074876105,0.7840165000162039,0.7570737725078687,-0.04902977724299962,-0.4842643587827498,-0.425682743472683,-2.3932974432373197,0.22854202906096313,0.06800391085763348,0.778388837384029,2.793804512672651,2.103203061451944,0.44244673218152764
2872625,-0.9911215282681853,-0.04972208580541926,-0.7539790199283519,-0.5539104063017408,-0.9953820394868572,-0.8691206224487465,-0.39355051789936807,-0.4943998782420603,-0.39042487753093036,2.120500300227839,0.9146457548411501,-4.466845565197263,6.304515883993902,0.26611815707709824,-0.40210436349723466,1.1211446140072434
2935369,-1.4992923272231877,-0.8551481023142872,-0.4957851019869438,-0.8281542144309754,-0.9953822840325178,-0.8691215164120053,-0.3935505297363774,-0.27475439726807477,1.6210672878887467,-0.42338619168453195,-0.6260164112000477,-0.24152475753839214,0.5647366777643423,-0.5519935099669311,-0.42009148199777746,1.4468467746032823
2944076,1.8181938571244252,-0.32332130722705016,1.1987430827962684,-0.18907132611186322,0.9019958022293508,0.3040336542313593,0.3129598592253432,-0.4619165249009901,-0.4365940927493852,-0.16331910338357478,0.806461244234861,1.0893890856670019,0.05568497817589077,3.13284144290263,3.651356381424221,0.967652071676763
2947334,0.9218584486565431,-0.1314021994868872,0.83762186190886,-0.06125551092281453,0.6755359600778483,0.029495364841122616,0.2443789294256565,-0.46006734615327005,-0.43680585049414555,1.033041956464883,0.4021884627921547,0.02698836388731916,-0.3872192438116325,0.8552396535879547,1.61584670450556,1.4767698364894242
3014537,1.441711076643939,-0.06814372463011142,0.7465427096529128,0.5142033905760207,-0.2858861106362741,-0.4699381278433071,-0.13738014546994762,-0.4505821364475527,-0.4189852302257769,-3.980403899685752,0.19064220417801153,0.8995220609942024,0.8060081439567124,0.7136200103776402,0.4958268392722921,-0.12743020767268087
3062868,0.02626142435799203,-1.4645451940018062,-0.5991499325513487,-0.8718752159380682,-0.9862922256958855,-0.8608143763275675,-0.3917905308042474,-0.49718204300978175,-0.40183879495214475,0.26642722812182995,0.20523201827863113,-1.219052546454832,0.6805662914571499,-0.02696031151628171,-0.17317740076292323,0.2958405038293779
3067890,0.7212985809481595,-1.3378495720042132,0.3634136369310281,-0.6708041807932226,0.24881766776782302,0.24903301340451936,-0.14363361043822254,-0.48254981226555643,-0.4319804803862697,-0.16375763392984524,0.18585372119202623,0.7719701015160851,-0.07757926204671077,0.47654155702588247,0.7675444773790084,1.1963249520320327
3093550,-0.3727259117679711,0.00878956492575469,0.3677476358172418,-0.3061227172683849,-0.754083345566976,-0.6485990440637206,-0.34683104967282774,-0.4820150677546482,-0.43826207093970854,-1.5014683391732309,0.859364277242366,0.37676402839662854,0.02955557589278547,3.213330260808316,3.413606448913194,0.6961648186752073
3100166,0.8723406017705793,-1.8145029036912776,1.2184639539543818,-1.226608528822251,-0.4618571199989012,-0.38153260376905146,-0.2902512889644964,-0.48507222071282796,-0.43842422810655973,-0.24416059638274037,0.05040704644426345,-2.148867786120346,-1.1267567090957245,1.4094122652392076,0.9119364025943456,0.20254307924222498
